[
   {
    "id": 1,
    "user_id": 2,
    "title": "Node JS Exam",
    "description": "You  need to prepare node js final exam",
    "isCompleted": true
   },
   {
    "id": 2,
    "user_id": 1,
    "title": "Meeting volunteer",
    "description":"You  need to prepare meeting with volunteer for VC2",
    "isCompleted": false
   },
   {
    "id": 3,
    "user_id": 2,
    "title": "Meeting with client",
    "description":"You  need to prepare meeting with client for VC1",
    "isCompleted": true
   },
   {
    "id": 4,
    "user_id": 3,
    "title": "Date with wife",
    "description":"You  need to prepare date with wife",
    "isCompleted": false
   },
   {
    "id": 5,
    "user_id": 1,
    "title": "Booking footbal field",
    "description": "You need to book field before match",
    "isCompleted": true
   }
]